epoch,train_loss,val_loss,val_miou,val_mdice,learning_rate
1,1.6115104051099882,1.2817479448933755,0.36532215300502696,0.4546971670895032,0.001
2,1.1411568174759548,1.0485015242330489,0.4693320279310758,0.5777705734333185,0.001
3,1.0152940178910892,0.9409011698538258,0.47994483307974756,0.5880971432605986,0.001
4,0.9234439999692969,1.2243986994989458,0.37355610933901023,0.48137685280800824,0.001
5,0.8541963895161947,0.8079763362484593,0.581939036073246,0.7000205803855531,0.001
6,0.7900897016127905,0.7833050239470697,0.5661319928050188,0.6801462870280671,0.001
7,0.8023627683934238,0.9406502842903137,0.4985009837540466,0.6171366760425899,0.001
8,0.7804689125882255,0.7561251405746706,0.5980070197597397,0.717413870544403,0.001
9,0.7031247435758511,0.757445591111337,0.5680878451968107,0.6816832323928751,0.001
10,0.7005960446678929,0.681774394166085,0.6472066800290408,0.7610525787462996,0.001
11,0.6621215486278137,0.6498420421154268,0.6352522648473715,0.7507076416030594,0.001
12,0.6371986565904485,0.644045655765841,0.6341822558422604,0.7529204392365586,0.001
13,0.6138879723019071,1.2099267436612038,0.4788551033045134,0.5941816432078267,0.001
14,0.671777337582575,0.6621832405367205,0.6390819083754257,0.7537777354142863,0.0005
15,0.571803461553322,0.5894378933214373,0.6803538973318496,0.7895708353041266,0.0005
16,0.5546984254486031,0.5547307864312203,0.6939668409077496,0.8013107075534956,0.0005
17,0.5321592013869021,0.5612425592637831,0.6863124135945521,0.7949259077874382,0.0005
18,0.522985456407898,0.5447801101592279,0.6969821737683466,0.8033686249101626,0.0005
19,0.5337485741409991,0.5712373477797354,0.6604924677355268,0.7734994546287157,0.0005
20,0.5177782936435606,0.5601152816126423,0.6802242517373469,0.7917559740678056,0.0005
21,0.5151748065319326,0.5750156073800979,0.681413347303434,0.7910843416747492,0.0005
22,0.505988385528326,0.5399371236562729,0.6917600904942667,0.8001143535046644,0.00025
23,0.4988724137138989,0.5080912584258664,0.7122033630558479,0.8154385016822981,0.00025
24,0.4636607239436772,0.5454008386981103,0.6970351116330914,0.8028039070582736,0.00025
25,0.4608151631222831,0.5316578332454928,0.7010421274858367,0.8060213709542959,0.00025
26,0.4776479603929652,0.543052057104726,0.6860947029633436,0.7936608519711285,0.00025
27,0.4628670481551025,0.5675506236091736,0.6816656354270364,0.7909283356108383,0.000125
28,0.44022080591983265,0.5289679727246684,0.703794573616013,0.8079932502380042,0.000125
29,0.42499534351130325,0.4999996889983454,0.7126228477898477,0.8158201890407163,0.000125
30,0.4170014438115888,0.4727383130981076,0.7193504624789263,0.8212737697699538,0.000125
31,0.39652121863845324,0.4888080983392654,0.7133072154695669,0.8171200301698307,0.000125
32,0.3913520956411958,0.48554706765759376,0.7200638929449635,0.8211864671005059,0.000125
33,0.3839333233320051,0.5380813315991433,0.6808908187603473,0.7880608304232798,0.000125
34,0.38745563322057325,0.4815678010063787,0.7176470557378044,0.8198521939790457,0.000125
35,0.3771394216455519,0.46890701065140383,0.7114411410529887,0.8150905644016836,0.000125
36,0.3698544946188728,0.47703715918525574,0.7097338662837537,0.8130551820767296,6.25e-05
37,0.35090705845505,0.469461900572623,0.7159201352876486,0.8178141871205332,6.25e-05
38,0.36041356473126346,0.4589750526412841,0.7201100659977548,0.8215864814036523,6.25e-05
39,0.34872409349514377,0.47070759775177123,0.7175281209884719,0.8194023772148838,6.25e-05
40,0.339061642686526,0.4422397825025743,0.7186759144531437,0.8205269169374776,3.125e-05
41,0.35716266055694884,0.4469516440745323,0.7219851314084921,0.8232557225762922,3.125e-05
42,0.3461843870787157,0.44190495821737474,0.7257317685327963,0.8261571878938435,3.125e-05
43,0.3293730408574144,0.45580764018720193,0.7174394099855897,0.8193716369723708,3.125e-05
44,0.33557530166581273,0.4512248279586915,0.7206315999553693,0.8221839756974415,3.125e-05
45,0.33819078540222514,0.45952075767901635,0.7195628213306482,0.8211247214320695,3.125e-05
46,0.3553459157442881,0.4484306338333314,0.7221764968608095,0.8230294417383086,1.5625e-05
47,0.3321789234566192,0.4537683696516098,0.7220025250089036,0.8228685305662441,1.5625e-05
48,0.33444394290240276,0.45467223371228865,0.7193342908800108,0.8209088234511673,1.5625e-05
49,0.3358707263962262,0.4472663109340975,0.7210567142692893,0.8224010278147462,1.5625e-05
50,0.3268090368041562,0.44427071511745453,0.7242570489905072,0.8248977840630585,7.8125e-06
