record_id,run,configuration_source,seed_in_recorded_snapshot,seed_in_unverified_copy,image_size,num_classes,augmentation,loss,loss_parameters,epochs,batch_size,learning_rate,weight_decay,workers,early_stopping_patience,train_samples,val_samples,dynamic_class_weights,train_ratio,val_ratio
R01,augment_strong_256_gpu,无运行配置快照,,,256,,strong,ce_dice,{},50,8,,,,,1148,246,"[0.0751114934682846, 0.10834047943353653, 0.7539530992507935, 2.396482229232788, 1.733272671699524, 0.9328400492668152]",,
R02,baseline_256_gpu,无运行配置快照,,,256,,none,ce_dice,{},50,8,,,,,1148,246,"[0.07517760992050171, 0.10858149826526642, 0.754917562007904, 2.399547815322876, 1.7354899644851685, 0.9262855052947998]",,
R03,baseline_recheck_256_gpu,无运行配置快照,,,256,,none,ce_dice,{},50,8,,,,,1148,246,"[0.0751114934682846, 0.10834047943353653, 0.7539530992507935, 2.396482229232788, 1.733272671699524, 0.9328400492668152]",,
R04,baseline_seed43,留存配置快照,43,,256,6,none,ce_dice,{},50,8,0.001,0.0001,4,10,1148,246,"[0.0751114934682846, 0.10834047943353653, 0.7539530992507935, 2.396482229232788, 1.733272671699524, 0.9328400492668152]",0.7,0.15
R05,baseline_seed44,无运行配置快照,,,256,,none,ce_dice,{},50,8,,,,,1148,246,"[0.0751114934682846, 0.10834047943353653, 0.7539530992507935, 2.396482229232788, 1.733272671699524, 0.9328400492668152]",,
R06,baseline_seed45_complete,留存配置快照,45,,256,6,none,ce_dice,{},50,8,0.001,0.0001,4,10,1148,246,"[0.0751114934682846, 0.10834047943353653, 0.7539530992507935, 2.396482229232788, 1.733272671699524, 0.9328400492668152]",0.7,0.15
R07,baseline_seed45_new,未核实配置副本,,45,256,,none,ce_dice,{},50,8,,,,,1148,246,"[0.0751114934682846, 0.10834047943353653, 0.7539530992507935, 2.396482229232788, 1.733272671699524, 0.9328400492668152]",,
R08,baseline_seed46_res256,留存配置快照,46,,256,6,none,ce_dice,{},50,8,0.001,0.0001,4,10,1148,246,"[0.0751114934682846, 0.10834047943353653, 0.7539530992507935, 2.396482229232788, 1.733272671699524, 0.9328400492668152]",0.7,0.15
R09,baseline_seed46_res384,留存配置快照,46,,384,6,none,ce_dice,{},50,8,0.001,0.0001,4,10,1148,246,"[0.0751114934682846, 0.10834047943353653, 0.7539530992507935, 2.396482229232788, 1.733272671699524, 0.9328400492668152]",0.7,0.15
R10,loss_tversky_256_gpu,无运行配置快照,,,256,,none,tversky,{},50,8,,,,,1148,246,"[0.0751114934682846, 0.10834047943353653, 0.7539530992507935, 2.396482229232788, 1.733272671699524, 0.9328400492668152]",,
R11,mix_ce_dice_tversky_256_gpu,无运行配置快照,,,256,,none,ce_dice_tversky,"{""tversky_alpha"": 0.3, ""tversky_beta"": 0.7, ""tversky_weight"": 0.5}",50,8,,,,,1148,246,"[0.0751114934682846, 0.10834047943353653, 0.7539530992507935, 2.396482229232788, 1.733272671699524, 0.9328400492668152]",,
R12,mix_ce_dice_tversky_w02_256_gpu,无运行配置快照,,,256,,none,ce_dice_tversky,"{""tversky_alpha"": 0.3, ""tversky_beta"": 0.7, ""tversky_weight"": 0.2}",50,8,,,,,1148,246,"[0.0751114934682846, 0.10834047943353653, 0.7539530992507935, 2.396482229232788, 1.733272671699524, 0.9328400492668152]",,
R13,mix_w02_seed43,留存配置快照,43,,256,6,none,ce_dice_tversky,"{""tversky_alpha"": 0.3, ""tversky_beta"": 0.7, ""tversky_weight"": 0.2}",50,8,0.001,0.0001,4,10,1148,246,"[0.0751114934682846, 0.10834047943353653, 0.7539530992507935, 2.396482229232788, 1.733272671699524, 0.9328400492668152]",0.7,0.15
R14,mix_w02_seed44,无运行配置快照,,,256,,none,ce_dice_tversky,"{""tversky_alpha"": 0.3, ""tversky_beta"": 0.7, ""tversky_weight"": 0.2}",50,8,,,,,1148,246,"[0.0751114934682846, 0.10834047943353653, 0.7539530992507935, 2.396482229232788, 1.733272671699524, 0.9328400492668152]",,
R15,mix_w02_seed45,未核实配置副本,,45,256,,none,ce_dice_tversky,"{""tversky_alpha"": 0.3, ""tversky_beta"": 0.7, ""tversky_weight"": 0.2}",50,8,,,,,1148,246,"[0.0751114934682846, 0.10834047943353653, 0.7539530992507935, 2.396482229232788, 1.733272671699524, 0.9328400492668152]",,
R16,mix_w02_seed45_complete,留存配置快照,45,,256,6,none,ce_dice_tversky,"{""tversky_alpha"": 0.3, ""tversky_beta"": 0.7, ""tversky_weight"": 0.2}",50,8,0.001,0.0001,4,10,1148,246,"[0.0751114934682846, 0.10834047943353653, 0.7539530992507935, 2.396482229232788, 1.733272671699524, 0.9328400492668152]",0.7,0.15
